ID,R&D Spend,Administration,Marketing Spend,long,Profit
1,165349.2,136897.8,471784.1,-122.198,192261.83
2,162597.7,151377.59,443898.53,-122.287,191792.06
3,153441.51,101145.55,407934.54,-122.227,191050.39
4,144372.41,118671.85,383199.62,-122.228,182901.99
5,142107.34,91391.77,366168.42,-122.215,166187.94
6,131876.9,99814.71,362861.36,-121.779,156991.12
7,134615.46,147198.87,127716.82,-122.109,156122.51
8,130298.13,145530.06,323876.68,-122.196,155752.6
9,120542.52,148718.95,311613.29,-122.199,152211.77
10,123334.88,108679.17,304981.62,-122.265,149759.96
11,101913.08,110594.11,229160.95,-122.28,146121.95
12,100671.96,91790.61,249744.55,-122.22,144259.4
13,93863.75,127320.38,249839.44,-122.28,141585.52
14,91992.39,135495.07,252664.93,-122.085,134307.35
15,119943.24,156547.42,256512.92,-122.174,132602.65
16,114523.61,122616.84,261776.23,-122.284,129917.04
17,78013.11,121597.55,264346.06,-122.205,126992.93
18,94657.16,145077.58,282574.31,-122.18,125370.37
19,91749.16,114175.79,294919.57,-122.123,124266.9
20,86419.7,153514.11,0,-122.28,122776.86
21,76253.86,113867.3,298664.47,-122.289,118474.03
22,78389.47,153773.43,299737.29,-122.284,111313.02
23,73994.56,122782.75,303319.26,-122.32,110352.25
24,67532.53,105751.03,304768.73,-122.206,108733.99
25,77044.01,99281.34,140574.81,-122.127,108552.04
26,64664.71,139553.16,137962.62,-121.965,107404.34
27,75328.87,144135.98,134050.07,-122.381,105733.54
28,72107.6,127864.55,353183.81,-122.369,105008.31
29,66051.52,182645.56,118148.2,-122.339,103282.38
30,65605.48,153032.06,107138.38,-122.29,101004.64
31,61994.48,115641.28,91131.24,-122.217,99937.59
32,61136.38,152701.92,88218.23,-121.939,97483.56
33,63408.86,129219.61,46085.25,-122.305,97427.84
34,55493.95,103057.49,214634.81,-122.187,96778.92
35,46426.07,157693.92,210797.67,-122.06,96712.8
36,46014.02,85047.44,205517.64,-122.005,96479.51
37,28663.76,127056.21,201126.82,-122.036,90708.19
38,44069.95,51283.14,197029.42,-122.258,89949.14
39,20229.59,65947.93,185265.1,-122.005,81229.06
40,38558.51,82982.09,174999.3,-122.235,81005.76
41,28754.33,118546.05,172795.67,-122.212,78239.91
42,27892.92,84710.77,164470.71,-122.229,77798.83
43,23640.93,96189.63,148001.11,-122.217,71498.49
44,15505.73,127382.3,35534.17,-122.158,69758.98
45,22177.74,154806.14,28334.72,-122.196,65200.33
46,1000.23,124153.04,1903.93,-122.199,64926.08
47,1315.46,115816.21,297114.46,-122.195,49490.75
48,0,135426.92,0,-122.411,42559.73
49,542.05,51743.15,0,-122.349,35673.41
50,0,116983.8,45173.06,-122.348,14681.4
51,87151,123327.9523,236937.1317,-122.323,123485.2464
52,38772,116183.1212,143589.7191,-122.403,82155.48418
53,89939,123739.6968,242316.5853,-122.369,125867.0108
54,65485,120128.2187,195132.5255,-122.218,104976.1696
55,47724,117505.1933,160862.6275,-122.322,89803.10053
56,30744,114997.5096,128099.6711,-122.264,75297.23305
57,76381,121737.3896,216156.3873,-122.121,114284.5283
58,143923,131712.2998,346478.8607,-122.355,171985.0761
59,27280,114485.9303,121415.8737,-122.317,72337.96774
60,141092,131294.2049,341016.4385,-122.212,169566.5772
61,128338,129410.636,316407.5606,-122.265,158670.9451
62,76660,121778.5936,216694.7185,-122.12,114522.8756
63,43088,116820.5277,151917.4528,-122.213,85842.60573
64,60955,119459.2077,186391.8781,-122.225,101106.2297
65,12052,112236.9898,92033.40609,-122.21,59328.81874
66,126549,129146.4284,312955.6803,-122.385,157142.6178
67,22986,113851.7728,113130.5889,-122.364,68669.64059
68,150633,132703.2632,359425.824,-121.966,177717.3712
69,53116,118301.5084,171266.5062,-122.309,94409.4396
70,157923,133779.8836,373491.8989,-122.356,183945.1553
71,39157,116239.9797,144332.5776,-122.28,82484.38635
72,111768,126963.503,284435.7004,-122.189,144515.3371
73,65903,120189.9508,195939.0576,-122.204,105333.2634
74,85800,123128.4304,234330.3735,-122.126,122331.0988
75,139796,131102.8057,338515.8029,-122.253,168459.4156
76,13947,112516.8521,95689.81377,-122.27,60947.70089
77,133094,130113.0238,325584.2756,-122.158,162733.9549
78,155148,133370.059,368137.5289,-122.387,181574.4968
79,28731,114700.2205,124215.5821,-122.229,73577.54452
80,41847,116637.2512,149522.94,-122.006,84782.43014
81,140277,131173.8419,339443.8938,-122.239,168870.3298
82,27595,114532.4509,122023.667,-122.198,72607.06952
83,9078,111797.776,86295.06497,-122.048,56788.15621
84,21586,113645.0144,110429.2851,-122.369,67473.63267
85,4330,111096.5697,77133.786,-122.111,52731.98078
86,106761,126224.0464,274774.6802,-122.111,140237.9002
87,137618,130781.1487,334313.346,-122.218,166598.769
88,63161,119784.9998,190648.3612,-122.102,102990.7964
89,34384,115535.0813,135123.0611,-122.244,78406.85364
90,73431,121301.7202,210464.3542,-122.41,111764.3688
91,17125,112986.1936,101821.7734,-122.409,63662.63887
92,109497,126628.1113,280053.7997,-122.406,142575.2414
93,78366,122030.5434,219986.4502,-122.193,115980.2967
94,98190,124958.2421,258236.9123,-122.243,132915.7689
95,125158,128940.9992,310271.742,-122.266,155954.2985
96,138570,130921.7444,336150.2326,-122.412,167412.0544
97,46445,117316.3048,158394.7935,-122.327,88710.46186
98,134739,130355.9649,328758.3076,-122.288,164139.2642
99,96620,124726.3773,255207.593,-122.292,131574.5314
100,140797,131250.6379,340447.2352,-122.205,169314.5613
101,44017,116957.7267,153709.9609,-122.29,86636.24242
102,150342,132660.287,358864.3387,-122.409,177468.7724
103,127529,129291.1592,314846.5929,-122.308,157979.8234
104,9261,111824.8023,86648.16397,-122.28,56944.49153
105,57905,119008.7698,180506.8948,-122.191,98500.64098
106,44699,117058.4475,155025.8817,-122.279,87218.86913
107,151853,132883.4384,361779.8174,-122.234,178759.6067
108,61613,119556.3841,187661.4909,-122.199,101668.3534
109,120275,128219.8555,300849.9801,-122.304,151782.7938
110,23224,113886.9217,113589.8106,-122.117,68872.96194
111,105331,126012.8575,272015.4913,-122.225,139016.2635
112,23501,113927.8303,114124.2829,-122.286,69109.60065
113,7092,111504.4745,82463.07255,-122.215,55091.53354
114,102136,125541.0053,265850.7301,-122.327,136286.8026
115,85772,123124.2953,234276.3474,-122.227,122307.1786
116,123288,128664.829,306663.5719,-122.212,154356.7737
117,76992,121827.6249,217335.3134,-122.206,114806.5004
118,7715,111596.4819,83665.15275,-122.213,55623.75707
119,29104,114755.3069,124935.2867,-122.29,73896.1952
120,144996,131870.7654,348549.2171,-122.404,172901.7308
121,94169,124364.4025,250478.3818,-122.147,129480.6633
122,78261,122015.0366,219783.8524,-122.213,115890.5961
123,140902,131266.1448,340649.833,-122.005,169404.2619
124,131845,129928.5658,323174.3267,-122.16,161666.9449
125,1269,110644.5073,71227.57814,-122.093,50116.99489
126,43990,116953.7392,153657.8643,-122.212,86613.17655
127,49875,117822.8628,165012.9879,-122.415,91640.68127
128,105070,125974.3118,271511.8911,-122.301,138793.2935
129,93591,124279.0408,249363.1293,-122.369,128986.8828
130,73077,121249.4398,209781.3102,-122.102,111461.9497
131,94548,124420.3749,251209.6634,-122.221,129804.4397
132,151956,132898.6499,361978.5561,-122.237,178847.5987
133,60864,119445.7684,186216.2934,-122.11,101028.4891
134,102790,125637.591,267112.6249,-122.448,136845.5092
135,53315,118330.8977,171650.4773,-122.287,94579.44358
136,116723,127695.2799,293996.3864,-122.09,148748.3508
137,49288,117736.1719,163880.3698,-122.197,91139.21223
138,145513,131947.1183,349546.77,-122.22,173343.3994
139,148513,132390.1719,355335.2782,-122.06,175906.2735
140,74741,121495.1869,212992.0028,-122.208,112883.4905
141,104234,125850.8475,269898.8268,-122.208,138079.1059
142,34715,115583.9649,135761.7265,-122.339,78689.62408
143,107457,126326.8348,276117.6141,-122.33,140832.487
144,156016,133498.2492,369812.3372,-122.404,182316.0217
145,93879,124321.5739,249918.826,-122.246,129232.9188
146,121139,128347.4549,302517.0705,-122.156,152520.9015
147,99283,125119.6613,260345.8588,-122.042,133849.5093
148,140934,131270.8707,340711.577,-122.114,169431.5992
149,70585,120881.4099,204972.9894,-122.281,109333.0556
150,84834,122985.7671,232466.4738,-122.06,121505.8533
151,70098,120809.4875,204033.3216,-122.213,108917.0157
152,140809,131252.4101,340470.3892,-122.224,169324.8128
153,131560,129886.4757,322624.4184,-122.038,161423.4719
154,143330,131624.7229,345334.6656,-122.277,171478.4813
155,103756,125780.2543,268976.5245,-122.245,137670.7546
156,66195,120233.0747,196502.4724,-122.411,105582.7164
157,108206,126437.4506,277562.8117,-122.099,141472.3512
158,141099,131295.2386,341029.945,-122.137,169572.5573
159,91258,123934.4927,244861.5994,-122.107,126993.8211
160,82771,122681.0939,228485.9097,-122.134,119743.4502
161,63354,119813.5029,191020.7552,-122.347,103155.6747
162,43639,116901.9019,152980.6088,-122.063,86313.32028
163,66303,120249.0247,196710.8587,-122.451,105674.9799
164,120844,128303.888,301947.8672,-122.005,152268.8856
165,61968,119608.8121,188346.4644,-122.116,101971.6268
166,137388,130747.1813,333869.5604,-122.331,166402.282
167,41818,116632.9683,149466.9844,-122.216,84757.65569
168,109162,126578.637,279407.4163,-122.148,142289.0538
169,124648,128865.68,309287.6956,-122.206,155518.6099
170,150584,132696.0267,359331.2784,-122.217,177675.5109
171,72698,121193.4674,209050.0287,-122.239,111138.1732
172,109398,126613.4906,279862.7789,-122.221,142490.6665
173,19644,113358.211,106682.1908,-122.33,65814.59883
174,46632,117343.9218,158755.6105,-122.409,88870.21435
175,89242,123636.7607,240971.7219,-122.286,125271.5697
176,133947,130238.9987,327230.1415,-122.299,163462.6654
177,123502,128696.4335,307076.4854,-122.299,154539.592
178,119535,128110.5689,299422.1481,-122.07,151150.6182
179,151311,132803.3933,360734.0269,-122.078,178296.5808
180,67153,120374.5565,198350.9361,-122.202,106401.1276
181,32321,115230.4081,131142.4969,-122.211,76644.45054
182,71633,121036.1833,206995.1083,-122.409,110228.3529
183,86080,123169.7821,234870.6342,-122.402,122570.3004
184,6055,111351.3256,80462.17821,-122.29,54205.63339
185,29050,114747.3319,124831.0935,-122.27,73850.06347
186,79974,122268.0202,223089.0906,-122.398,117353.9972
187,17303,113012.4814,102165.2249,-122.212,63814.70273
188,21265,113597.6077,109809.9147,-122.208,67199.40514
189,154934,133338.4545,367724.6153,-122.361,181391.6784
190,155120,133365.9238,368083.5028,-122.416,181550.5766
191,126307,129110.6887,312488.7406,-121.922,156935.8793
192,155154,133370.9451,368149.1059,-122.282,181579.6225
193,53078,118295.8964,171193.1851,-122.312,94376.97653
194,31835,115158.6334,130204.7586,-122.29,76229.26494
195,47467,117467.2384,160366.7453,-122.216,89583.54765
196,149605,132551.4435,357442.2952,-122.369,176839.1597
197,75555,121615.4022,214562.618,-122.229,113578.8837
198,29784,114855.7324,126247.3485,-122.312,74477.11333
199,46373,117305.6715,158255.8693,-122.385,88648.95289
200,52714,118242.1392,170490.8461,-122.37,94066.01447
201,114529,127371.26,289763.0574,-122.106,146874.0356
202,134049,130254.0625,327426.9507,-122.215,163549.8031
203,105163,125988.0465,271691.3349,-122.027,138872.7426
204,84807,122981.7797,232414.3773,-122.116,121482.7874
205,47480,117469.1583,160391.8288,-122.173,89594.65343
206,52985,118282.1617,171013.7414,-122.403,94297.52743
207,129319,129555.5146,318300.4028,-122.31,159509.0049
208,37618,116012.6932,141363.0729,-122.288,81169.63193
209,80380,122327.9801,223872.4687,-122.278,117700.8395
210,14469,112593.9434,96697.01419,-122.312,61393.64099
211,141203,131310.5978,341230.6133,-122.31,169661.4036
212,143533,131654.7029,345726.3546,-122.329,171651.9025
213,92746,124154.2473,247732.6995,-122.362,128265.0066
214,30713,114992.9313,128039.8566,-122.342,75270.75002
215,70966,120937.6777,205708.13,-122.28,109658.5406
216,113478,127216.0435,287735.1501,-122.211,145976.1753
217,5107,111211.3206,78633.00963,-122.197,53395.76517
218,111210,126881.095,283359.0379,-122.12,144038.6425
219,6166,111367.7186,80676.35302,-122.126,54300.45973
220,10758,112045.886,89536.62956,-122.234,58223.36571
221,19870,113391.5877,107118.2584,-122.135,66007.66868
222,84817,122983.2565,232433.6723,-122.135,121491.3304
223,47856,117524.6877,161117.3219,-122.369,89915.86699
224,155761,133460.5896,369320.314,-122.151,182098.1774
225,22390,113763.7528,111980.6053,-122.206,68160.48294
226,102474,125590.9227,266502.902,-122.314,136575.5531
227,73031,121242.6463,209692.5531,-122.329,111422.6523
228,108606,126496.5244,278334.6128,-122.362,141814.0678
229,43074,116818.4601,151890.4398,-122.276,85830.64565
230,85328,123058.7233,233419.6482,-122.332,121927.8732
231,55700,118683.1253,176252.3413,-122.144,96616.9285
232,48759,117658.0468,162859.6628,-122.303,90687.2921
233,124538,128849.4347,309075.4503,-122.384,155424.6379
234,86530,123236.2402,235738.9105,-122.265,122954.7315
235,75098,121547.9103,213680.8353,-122.353,113188.4725
236,134440,130311.8072,328181.3863,-122.39,163883.8311
237,23354,113906.1207,113840.646,-122.35,68984.01982
238,58848,119148.0363,182326.4159,-122.208,99306.23774
239,3854,111026.2719,76215.3427,-122.409,52325.33808
240,11310,112127.4079,90601.71506,-122.327,58694.93455
241,36517,115850.0925,139238.6904,-122.267,80229.05713
242,65189,120084.5041,194561.3927,-122.009,104723.2993
243,2603,110841.5185,73801.53479,-122.126,51256.61958
244,2696,110855.2532,73980.97854,-122.157,51336.06868
245,4908,111181.9314,78249.03858,-122.227,53225.76119
246,18307,113160.7567,104102.4457,-122.213,64672.41127
247,145420,131933.3836,349367.3263,-122.148,173263.9503
248,124967,128912.7914,309903.2069,-122.219,155791.1289
249,81122,122437.5621,225304.1597,-122.026,118334.7237
250,48147,117567.6639,161678.8072,-122.402,90164.46578
251,107504,126333.776,276208.3008,-122.283,140872.6387
252,78966,122119.1542,221144.1518,-122.385,116492.8715
253,11572,112166.1013,91107.24478,-122.391,58918.75889
254,17929,113104.932,103373.0936,-122.099,64349.48913
255,135016,130396.8735,329292.7799,-122.392,164375.9029
256,140499,131206.6279,339872.2434,-122.373,169059.9825
257,70972,120938.5638,205719.707,-121.994,109663.6663
258,23044,113860.3385,113242.5001,-122.273,68719.18949
259,62977,119757.8258,190293.3327,-122.321,102833.6068
260,127949,129353.1867,315656.9841,-122.363,158338.6258
261,140062,131142.0898,339029.0507,-122.289,168686.6571
262,142634,131521.9344,343991.7317,-122.399,170883.8945
263,51407,118049.1155,167968.9861,-122.134,92949.45565
264,71393,121000.739,206532.0276,-122.247,110023.323
265,90687,123850.1648,243759.8533,-122.22,126506.0207
266,95482,124558.3123,253011.8189,-122.409,130602.3478
267,79898,122256.7962,222942.4484,-122.337,117289.0711
268,80315,122318.3806,223747.051,-122.069,117645.3106
269,116953,127729.2474,294440.1721,-122.022,148944.8378
270,77184,121855.9803,217705.778,-122.393,114970.5243
271,141804,131399.3563,342390.2444,-122.212,170174.8327
272,51183,118016.0342,167536.7775,-122.27,92758.09438
273,109716,126660.4543,280476.3608,-122.212,142762.3312
274,140198,131162.1749,339291.463,-122.275,168802.8408
275,8318,111685.5357,84828.64289,-122.407,56138.89476
276,130650,129752.0827,320868.571,-122.281,160646.0668
277,132796,130069.0138,325009.2838,-122.219,162479.376
278,114589,127380.1211,289878.8276,-122.196,146925.293
279,14349,112576.2213,96465.47386,-121.973,61291.12602
280,74459,121453.5399,212447.883,-122.409,112642.5803
281,78709,122081.1992,220648.2696,-122.357,116273.3187
282,70529,120873.1396,204864.9373,-122.202,109285.2152
283,63481,119832.2588,191265.802,-122.133,103264.1697
284,12968,112372.2689,93800.83059,-122.232,60111.34964
285,7251,111527.9563,82769.86348,-122.225,55227.36587
286,28913,114727.0991,124566.7516,-122.106,73733.02555
287,57470,118944.527,179667.5611,-122.262,98129.02423
288,39280,116258.1449,144569.9064,-122.269,82589.46419
289,140284,131174.8757,339457.4003,-122.299,168876.3098
290,65509,120131.7631,195178.8336,-122.307,104996.6726
291,115538,127520.2737,291709.9257,-122.133,147736.0156
292,155075,133359.278,367996.6752,-122.23,181512.1335
293,54112,118448.6022,173188.2909,-122.112,95260.31381
294,50269,117881.0505,165773.212,-122.082,91977.27207
295,90441,123813.8344,243285.1957,-122.397,126295.865
296,146667,132117.5463,351773.4162,-122.382,174329.2516
297,81041,122425.5996,225147.87,-122.353,118265.5261
298,122666,128572.9692,305463.4212,-122.359,153825.4044
299,52746,118246.8651,170552.5902,-122.284,94093.35179
300,139181,131011.9797,337329.1588,-122.143,167934.0264
301,63457,119828.7144,191219.494,-122.112,103243.6667
302,130989,129802.1478,321522.6724,-122.023,160935.6715
303,67877,120481.4801,199747.896,-122.216,107019.6345
304,145505,131945.9368,349531.334,-122.364,173336.5651
305,28236,114627.1167,123260.4783,-122.406,73154.67029
306,113363,127199.0598,287513.2573,-122.2,145877.9318
307,134787,130363.0537,328850.9238,-122.397,164180.2702
308,158727,133898.622,375043.2191,-122.195,184632.0056
309,120520,128256.0382,301322.7083,-122.315,151992.0952
310,60472,119387.876,185459.9283,-122.171,100693.6069
311,154106,133216.1717,366126.987,-122.279,180684.3252
312,40219,116396.8207,146381.7095,-122.222,83391.64379
313,84406,122922.5582,231640.6467,-122.207,121140.2166
314,20629,113503.6803,108582.751,-122.129,66656.07583
315,87536,123384.8108,237679.9902,-122.13,123814.1486
316,118530,127962.1459,297482.9979,-122.134,150292.0553
317,129325,129556.4007,318311.9798,-122.199,159514.1307
318,44466,117024.037,154576.3076,-122.282,87019.81924
319,55907,118713.696,176651.7484,-122.27,96793.76682
320,65694,120159.0848,195535.7916,-122.284,105154.7165
321,148622,132406.2696,355545.594,-122.316,175999.3913
322,140627,131225.5315,340119.2197,-122.2,169169.3318
323,156713,133601.1853,371157.2006,-122.291,182911.4628
324,100606,125315.048,262898.5909,-122.228,134979.7368
325,24830,114124.1031,116688.592,-122.226,70244.95388
326,141159,131304.0997,341145.7152,-122.199,169623.8148
327,101587,125459.9265,264791.4331,-122.404,135817.7966
328,1215,110636.5323,71123.385,-122.383,50070.86316
329,13269,112416.722,94381.61091,-122.309,60368.49134
330,155679,133448.4795,369162.0948,-122.384,182028.1255
331,50634,117934.9554,166477.4805,-121.994,92289.08842
332,158637,133885.3304,374869.5639,-122.224,184555.1194
333,101322,125420.7901,264280.1149,-122.014,135591.4094
334,28980,114736.994,124696.0283,-122.227,73790.26307
335,130675,129755.7748,320916.8085,-122.276,160667.424
336,84533,122941.3141,231885.6935,-121.999,121248.7116
337,101223,125406.1693,264089.0941,-122.042,135506.8346
338,123282,128663.9429,306651.9948,-122.022,154351.6479
339,79009,122125.5046,221227.1204,-122.37,116529.6061
340,109841,126678.9148,280717.5486,-122.227,142869.1176
341,96021,124637.9143,254051.8209,-122.108,131062.8109
342,136849,130667.5793,332829.5584,-122.389,165941.819
343,144390,131781.2685,347379.9385,-122.376,172384.0302
344,109658,126651.8885,280364.4496,-122.182,142712.7823
345,50050,117848.7076,165350.6509,-122.225,91790.18226
346,60170,119343.2753,184877.2185,-122.154,100435.6109
347,112043,127004.1162,284966.3136,-122.224,144750.2672
348,103519,125745.2531,268519.2324,-122.256,137468.2876
349,132029,129955.7397,323529.3552,-122.101,161824.1346
350,51373,118044.0942,167903.383,-122.213,92920.40974
351,69518,120723.8305,202914.21,-122.385,108421.5267
352,107707,126363.756,276599.9898,-122.162,141046.0598
353,125384,128974.3759,310707.8096,-122.238,156147.3684
354,156397,133554.517,370547.4778,-122.229,182641.5067
355,118745,127993.8981,297897.841,-122.398,150475.728
356,36008,115774.9211,138256.5735,-122.282,79794.22283
357,7959,111632.517,84135.95141,-122.412,55832.20416
358,121607,128416.5713,303420.0778,-122.393,152920.7099
359,113168,127170.2613,287137.0042,-122.274,145711.345
360,92665,124142.2849,247576.4097,-122.284,128195.809
361,36840,115897.7946,139861.9198,-122.286,80504.99325
362,144661,131821.291,347902.8337,-122.282,172615.5432
363,62251,119650.6068,188892.5137,-122.173,102213.3913
364,49407,117753.7464,164109.9806,-122.29,91240.87291
365,127740,129322.3207,315253.718,-122.365,158160.0789
366,6101,111358.1191,80550.93534,-122.081,54244.9308
367,142977,131572.5902,344653.5511,-122.393,171176.9165
368,138529,130915.6893,336071.123,-122.292,167377.0285
369,122905,128608.2658,305924.5723,-122.196,154029.5801
370,66102,120219.3401,196323.0287,-122.156,105503.2673
371,18930,113252.7642,105304.5259,-122.189,65204.63479
372,18903,113248.7767,105252.4293,-122.114,65181.56893
373,140704,131236.9032,340267.7914,-122.121,169235.1122
374,112110,127014.0111,285095.5903,-122.118,144807.5047
375,143046,131582.7805,344786.6868,-122.199,171235.8626
376,50864,117968.9228,166921.2661,-122.116,92485.57543
377,132160,129975.0864,323782.1201,-122.277,161936.0467
378,68920,120635.5151,201760.3674,-122.287,107910.6604
379,157947,133783.428,373538.207,-122.268,183965.6583
380,120687,128280.7015,301644.9353,-122.364,152134.7618
381,3372,110955.0879,75285.32239,-121.994,51913.56964
382,53012,118286.1492,171065.8379,-122.069,94320.5933
383,64233,119943.3176,192716.7881,-122.059,103906.5968
384,102541,125600.8176,266632.1787,-122.394,136632.7906
385,27996,114591.6724,122797.3976,-122.371,72949.64036
386,3111,110916.5422,74781.72217,-122.273,51690.5996
387,66932,120341.9182,197924.516,-122.312,106212.3292
388,118012,127885.6453,296483.5154,-122.305,149849.5324
389,18192,113143.773,103880.5529,-122.213,64574.16776
390,83511,122790.3805,229913.7417,-122.244,120375.6258
391,123767,128735.5699,307587.8037,-122.397,154765.9792
392,44424,117017.8343,154495.2685,-122.363,86983.939
393,143423,131638.4576,345514.1093,-122.151,171557.9304
394,127190,129241.0942,314192.4915,-122.064,157690.2186
395,22014,113708.2234,111255.1123,-122.232,67839.26938
396,148327,132362.7026,354976.3907,-122.005,175747.3753
397,4852,111173.6611,78140.98643,-122.158,53177.92087
398,87342,123356.16,237305.6667,-122.126,123648.4161
399,12412,112290.1563,92728.02707,-122.323,59636.36364
400,66380,120260.3964,196859.4305,-122.228,105740.7603
401,135781,130509.8522,330768.8495,-122.229,165029.4358
402,154047,133207.4583,366013.1464,-122.377,180633.922
403,91262,123935.0835,244869.3174,-122.128,126997.2382
404,143575,131660.9056,345807.3938,-122.29,171687.7827
405,89669,123699.822,241795.6195,-122.407,125636.3521
406,3737,111008.9928,75989.59088,-122.412,52225.38599
407,12816,112349.8208,93507.54618,-122.286,59981.49735
408,46750,117361.3485,158983.2918,-122.371,88971.02073
409,16708,112924.6091,101017.1708,-122.288,63306.39937
410,11277,112122.5343,90538.04147,-122.306,58666.74293
411,32758,115294.9462,131985.6896,-122.066,77017.77587
412,131074,129814.701,321686.6801,-122.216,161008.2863
413,33729,115438.348,133859.2368,-122.395,77847.29279
414,56708,118831.9913,178197.28,-122.195,97478.0542
415,43245,116843.7142,152220.3848,-122.409,85976.72948
416,117945,127875.7505,296354.2388,-122.292,149792.2949
417,93533,124270.4751,249251.2181,-122.348,128937.3339
418,36345,115824.6907,138906.8159,-122.356,80082.11902
419,123150,128644.4486,306397.3005,-122.156,154238.8815
420,146767,132132.3147,351966.3665,-122.386,174414.6808
421,125425,128980.4309,310786.9192,-122.162,156182.3943
422,26154,114319.6374,119243.2536,-122.121,71376.03566
423,113132,127164.9447,287067.5421,-122.243,145680.5905
424,159191,133967.1476,375938.5084,-122.241,185028.3968
425,23281,113895.3397,113699.7923,-122.115,68921.65655
426,145038,131876.9681,348630.2563,-122.182,172937.611
427,119016,128033.9206,298420.7362,-121.955,150707.2409
428,159570,134023.1201,376669.7899,-121.856,185352.1732
429,66705,120308.3938,197486.5188,-122.219,106018.405
430,96720,124741.1458,255400.5433,-122.208,131659.9605
431,77031,121833.3846,217410.564,-122.275,114839.8177
432,56584,118813.6785,177958.0217,-122.286,97372.12207
433,34269,115518.0976,134901.1683,-122.011,78308.61013
434,43002,116807.8268,151751.5156,-122.219,85769.13667
435,90606,123838.2024,243603.5636,-122.14,126436.8231
436,21297,113602.3336,109871.6588,-122.216,67226.74247
437,147448,132232.8879,353280.3578,-122.021,174996.4532
438,11931,112219.12,91799.93626,-122.302,59225.44949
439,62868,119741.7282,190083.0169,-122.143,102740.489
440,107864,126386.9425,276902.9217,-122.2,141180.1836
441,126763,129178.0329,313368.5938,-122.352,157325.4362
442,48320,117593.2133,162012.6111,-122.293,90312.25819
443,132750,130062.2203,324920.5267,-122.358,162440.0786
444,90232,123782.9684,242881.9296,-122.267,126117.3181
445,11415,112142.9148,90804.31285,-122.183,58784.63514
446,136367,130596.3953,331899.5381,-122.13,165530.0505
447,48599,117634.4173,162550.9424,-122.075,90550.60548
448,131209,129834.6384,321947.163,-122.121,161123.6156
449,44805,117074.1021,155230.409,-122.4,87309.42402
450,27745,114554.6036,122313.0924,-122.065,72735.21323
451,56428,118790.6397,177657.0193,-122.385,97238.85262
452,22961,113848.0807,113082.3514,-122.115,68648.28331
453,127002,129213.3295,313829.745,-122.105,157529.6118
454,42722,116766.4752,151211.2548,-122.131,85529.93509
455,36880,115903.702,139939.0999,-122.114,80539.1649
456,134020,130249.7797,327370.9952,-122.23,163525.0287
457,105406,126023.9338,272160.204,-122.239,139080.3354
458,135965,130537.0261,331123.878,-122.124,165186.6254
459,22609,113796.0957,112403.1664,-122.133,68347.57275
460,48592,117633.3835,162537.4359,-122.386,90544.62544
461,45646,117198.3048,156853.1208,-122.189,88027.88306
462,18687,113216.8769,104835.6567,-122.07,64997.04199
463,159134,133958.7296,375828.5267,-122.132,184979.7022
464,25194,114177.8603,117390.931,-122.278,70555.91594
465,49370,117748.2821,164038.589,-122.236,91209.26412
466,83997,122862.1552,230851.4801,-122.246,120790.8114
467,127102,129228.0979,314022.6953,-122.362,157615.041
468,112617,127088.8871,286073.8482,-122.327,145240.6305
469,18790,113232.0884,105034.3955,-122.318,65085.034
470,31530,115113.5896,129616.2603,-122.318,75968.70607
471,154761,133312.905,367390.8113,-122.31,181243.886
472,62322,119661.0924,189029.5084,-122.364,102274.046
473,138389,130895.0135,335800.9926,-122.242,167257.4277
474,54437,118496.5997,173815.3793,-122.281,95537.9585
475,128678,129460.8488,317063.5916,-122.302,158961.4042
476,36374,115828.9736,138962.7715,-122.205,80106.89347
477,91354,123948.6704,245046.8317,-122.299,127075.833
478,159026,133942.7797,375620.1405,-122.114,184887.4387
479,21362,113611.9331,109997.0765,-122.217,67282.27141
480,33021,115333.7873,132493.1489,-122.228,77242.4545
481,135411,130455.2089,330054.9335,-122.144,164713.348
482,41996,116659.2562,149810.4359,-122.215,84909.71956
483,129894,129640.4332,319409.8669,-122.389,160000.2225
484,29076,114751.1717,124881.2606,-122.279,73872.27504
485,60970,119461.4229,186420.8207,-122.207,101119.044
486,68150,120521.798,200274.6503,-122.214,107252.8561
487,79611,122214.4107,222388.6811,-122.207,117043.8895
488,125073,128928.446,310107.7342,-122.233,155881.6838
489,108627,126499.6258,278375.1323,-122.171,141832.0079
490,38547,116149.8921,143155.5809,-122.277,81963.26862
491,109403,126614.229,279872.4264,-122.35,142494.938
492,110385,126759.2552,281767.1981,-122.288,143333.8521
493,27445,114510.2982,121734.2416,-122.361,72478.92582
494,99603,125166.9203,260963.2997,-122.013,134122.8826
495,10372,111988.8798,88791.8415,-122.273,57893.60924
496,146341,132069.4011,351144.3983,-122.285,174050.7527
497,20181,113437.5176,107718.3338,-122.164,66273.3533
498,105465,126032.6472,272274.0447,-122.151,139130.7386
499,58528,119100.7772,181708.975,-122.201,99032.8645
500,107739,126368.4819,276661.7339,-122.392,141073.3972
501,125610,129007.7526,311143.8772,-122.278,156340.4382
502,45698,117205.9844,156953.455,-122.312,88072.30621
503,90555,123830.6705,243505.159,-122.223,126393.2542
504,19468,113332.2185,106342.5983,-122.304,65664.24355
505,100506,125300.2795,262705.6406,-122.274,134894.3077
506,72494,121163.3397,208656.4101,-122.287,110963.8978
507,63372,119816.1612,191055.4862,-122.011,103171.0519
508,41878,116641.8294,149582.7545,-122.006,84808.91317
509,105962,126106.0464,273233.0075,-122.236,139555.3214
510,23028,113857.9755,113211.6281,-122.039,68705.52083
511,55229,118613.5659,175343.5455,-122.199,96214.55727
512,57839,118999.0226,180379.5476,-122.313,98444.25774
513,112421,127059.941,285695.6657,-122.022,145073.1894
514,104830,125938.8675,271048.8105,-122.018,138588.2636
515,105004,125964.5646,271384.5439,-122.398,138736.9103
516,33474,115400.6884,133367.2136,-122.055,77629.44849
517,101381,125429.5035,264393.9555,-122.192,135641.8126
518,49895,117825.8165,165051.5779,-122.41,91657.76709
519,140901,131265.9971,340647.9035,-122.285,169403.4076
520,99011,125079.4911,259821.0341,-122.355,133617.1421
521,25140,114169.8853,117286.7378,-122.155,70509.78421
522,88069,123463.5267,238708.4152,-122.203,124269.4859
523,5954,111336.4094,80267.29844,-122.226,54119.34996
524,146657,132116.0694,351754.1212,-122.197,174320.7087
525,120300,128223.5476,300898.2177,-121.969,151804.1511
526,153919,133188.5546,365766.17,-122.35,180524.5727
527,6952,111483.7986,82192.94216,-122.183,54971.93275
528,24538,114080.9792,116125.1772,-121.967,69995.5008
529,33718,115436.7234,133838.0123,-122.224,77837.89559
530,60311,119364.0988,185149.2784,-122.285,100556.066
531,158104,133806.6145,373841.1389,-122.292,184099.7821
532,120265,128218.3786,300830.6851,-122.346,151774.2509
533,122843,128599.1094,305804.9431,-122.127,153976.614
534,156926,133632.6421,371568.1847,-122.268,183093.4268
535,50112,117857.864,165470.28,-122.044,91843.14832
536,12068,112239.3528,92064.27813,-122.096,59342.48741
537,78098,121990.964,219469.3435,-122.226,115751.3466
538,69762,120759.8655,203385.0087,-122.211,108629.9738
539,156672,133595.1302,371078.091,-122.147,182876.4368
540,110066,126712.1438,281151.6868,-122.165,143061.3332
541,149352,132514.0793,356954.131,-122.111,176623.024
542,123926,128759.0518,307894.5946,-122.302,154901.8116
543,155584,133434.4494,368978.7921,-122.271,181946.9678
544,59551,119251.8585,183682.8563,-122.303,99906.80457
545,32892,115314.736,132244.243,-122.303,77132.25091
546,148355,132366.8378,355030.4168,-122.095,175771.2955
547,34087,115491.219,134549.9988,-122.118,78153.1291
548,9153,111808.8523,86439.77767,-122.364,56852.22806
549,141090,131293.9095,341012.5795,-122.205,169564.8687
550,30917,115023.059,128433.4751,-122.409,75445.02546
551,116032,127593.2299,292663.1,-122.101,148158.0355
552,111403,126909.5981,283731.4319,-122.304,144203.5207
553,109089,126567.856,279266.5626,-122.064,142226.6905
554,147916,132302.0043,354183.3651,-122.003,175396.2616
555,80883,122402.2655,224843.0086,-121.997,118130.5481
556,69933,120785.1196,203714.9537,-122.37,108776.0576
557,68302,120544.2461,200567.9347,-122.153,107382.7084
558,83794,122832.1752,230459.791,-122.071,120617.3903
559,118649,127979.7204,297712.6087,-122.125,150393.716
560,66766,120317.4026,197604.2185,-122.076,106070.5168
561,130880,129786.0502,321312.3566,-122.067,160842.5538
562,114090,127306.4265,288916.0057,-122.158,146499.0017
563,56983,118872.6046,178727.8933,-122.267,97712.98433
564,90073,123759.4865,242575.1387,-122.131,125981.4858
565,26750,114407.6574,120393.2372,-122.059,71885.19331
566,94859,124466.3048,251809.7387,-122.137,130070.1243
567,64520,119985.7031,193270.5554,-122.042,104151.7784
568,66882,120334.534,197828.0408,-122.378,106169.6146
569,114904,127426.6417,290486.621,-122.088,147194.3948
570,108270,126446.9024,277686.2998,-122.222,141527.0259
571,76026,121684.9616,215471.4138,-122.149,113981.2549
572,158668,133889.9086,374929.3785,-122.209,184581.6024
573,5885,111326.2192,80134.16275,-122.197,54060.40386
574,32007,115184.0351,130536.6331,-122.066,76376.20305
575,58843,119147.2979,182316.7684,-122.127,99301.96628
576,57863,119002.567,180425.8557,-122.273,98464.76074
577,146290,132061.8692,351045.9937,-122.202,174007.1838
578,92831,124166.8005,247896.7072,-122.013,128337.6214
579,149026,132465.9341,356325.1131,-122.284,176344.525
580,68638,120593.8681,201216.2476,-121.997,107669.7503
581,48519,117622.6025,162396.5822,-121.87,90482.26217
582,35910,115760.448,138067.4822,-122.204,79710.50227
583,41614,116602.8407,149073.3658,-122.117,84583.38025
584,137713,130795.1787,334496.6487,-122.216,166679.9267
585,29287,114782.3332,125288.3857,-121.872,74052.53052
586,94648,124435.1434,251402.6136,-122.35,129889.8688
587,41578,116597.524,149003.9037,-122.29,84552.62576
588,96008,124635.9944,254026.7374,-122.134,131051.7051
589,78630,122069.5322,220495.8389,-122.081,116205.8296
590,19242,113298.8418,105906.5307,-121.869,65471.1737
591,92507,124118.9507,247271.5483,-122.402,128060.831
592,92171,124069.3287,246623.2354,-122.022,127773.7891
593,70074,120805.9431,203987.0135,-121.973,108896.5127
594,149598,132550.4097,357428.7887,-122.292,176833.1797
595,6975,111487.1954,82237.32073,-122.086,54991.58145
596,155563,133431.3481,368938.2725,-122.012,181929.0277
597,63024,119764.767,190384.0193,-122.205,102873.7585
598,9960,111928.0338,87996.88638,-122.15,57541.6412
599,19291,113306.0783,106001.0764,-122.197,65513.03398
600,132449,130017.7672,324339.7464,-122.147,162182.9369
601,3089,110913.2932,74739.27311,-122.225,51671.80519
602,104168,125841.1003,269771.4796,-122.383,138022.7227
603,153606,133142.3294,365162.2357,-122.372,180257.1795
604,13316,112423.6631,94472.29754,-122.351,60408.64304
605,151611,132847.6987,361312.8777,-122.056,178552.8682
606,155716,133453.9438,369233.4864,-122.197,182059.7343
607,76520,121757.9178,216424.5881,-122.207,114403.2748
608,42221,116692.4852,150244.574,-122.214,85101.93511
609,126483,129136.6812,312828.3331,-122.264,157086.2346
610,118217,127915.9207,296879.0635,-122.273,150024.6621
611,91556,123978.5027,245436.5912,-122.233,127248.3999
612,123093,128636.0305,306287.3188,-122.195,154190.1869
613,90163,123772.7781,242748.7939,-122.156,126058.372
614,104391,125874.034,270201.7588,-121.982,138213.2296
615,61243,119501.7408,186947.5749,-122.137,101352.2656
616,60782,119433.6582,186058.0742,-122.19,100958.4372
617,16787,112936.2762,101169.6015,-122.176,63373.88839
618,152746,133015.3207,363502.8633,-122.314,179522.4889
619,159000,133938.9399,375569.9734,-122.311,184865.2271
620,62726,119720.757,189809.0275,-122.333,102619.1797
621,148420,132376.4373,355155.8345,-122.298,175826.8244
622,135886,130525.3591,330971.4473,-122.332,165119.1364
623,99774,125192.1744,261293.2446,-122.358,134268.9664
624,14367,112578.8796,96500.20491,-122.099,61306.50327
625,136326,130590.3403,331820.4285,-122.369,165495.0246
626,33519,115407.3342,133454.0412,-122.127,77667.8916
627,122931,128612.1056,305974.7394,-122.263,154051.7917
628,73289,121280.749,210190.3648,-122.393,111643.0594
629,67289,120394.6416,198613.3484,-122.39,106517.3112
630,22876,113835.5275,112918.3436,-122.213,68575.66854
631,125112,128934.2057,310182.9848,-122.292,155915.0011
632,88568,123537.2213,239671.237,-122.149,124695.7773
633,144841,131847.8743,348250.1442,-122.369,172769.3156
634,159238,133974.0888,376029.195,-122.147,185068.5485
635,127074,129223.9628,313968.6692,-122.412,157591.1208
636,67697,120454.8969,199400.5855,-122.309,106865.8621
637,65307,120101.9308,194789.074,-122.405,104824.1057
638,84231,122896.7134,231302.9837,-122.354,120990.7156
639,8882,111768.8298,85916.88243,-122.017,56620.7151
640,129441,129573.5321,318535.8022,-122.147,159613.2285
641,148278,132355.4661,354881.8451,-122.21,175705.515
642,58228,119056.4719,181130.1242,-121.865,98776.57709
643,136903,130675.5543,332933.7515,-122.172,165987.9507
644,4187,111075.4508,76857.86711,-122.396,52609.81711
645,80546,122352.4958,224192.7661,-122.291,117842.6519
646,36302,115818.3403,138823.8473,-122.114,80045.38449
647,36327,115822.0324,138872.0849,-122.409,80066.74177
648,103813,125788.6723,269086.5062,-122.118,137719.4492
649,117577,127821.4025,295644.1818,-122.356,149477.9157
650,154222,133233.3031,366350.8093,-122.352,180783.423
651,63645,119856.4791,191582.2405,-122.079,103404.2734
652,45968,117245.8592,157474.4207,-122.401,88302.96488
653,60822,119439.5656,186135.2543,-122.363,100992.6089
654,107750,126370.1064,276682.9584,-122.4,141082.7944
655,109510,126630.0312,280078.8832,-122.004,142586.3472
656,147647,132262.2771,353664.3289,-122.116,175166.4572
657,9316,111832.9249,86754.28662,-122.078,56991.47755
658,70319,120842.1258,204459.7417,-122.219,109105.8141
659,138525,130915.0986,336063.405,-122.191,167373.6113
660,122434,128538.7064,305015.7765,-122.226,153627.2089
661,91086,123909.091,244529.7249,-122.392,126846.883
662,32205,115213.2767,130918.6746,-122.157,76545.35274
663,18989,113261.4776,105418.3665,-122.219,65255.03798
664,143683,131676.8555,346015.7801,-122.225,171780.0462
665,81836,122543.0089,226681.8247,-122.19,118944.6878
666,139592,131072.678,338122.1844,-122.411,168285.1402
667,54073,118442.8425,173113.0403,-122.155,95226.99644
668,11977,112225.9135,91888.69339,-122.21,59264.74689
669,133956,130240.3279,327247.507,-122.158,163470.354
670,133110,130115.3867,325615.1477,-122.406,162747.6235
671,9063,111795.5607,86266.12243,-122.287,56775.34184
672,36025,115777.4317,138289.3751,-122.197,79808.74578
673,40178,116390.7656,146302.5999,-122.275,83356.61784
674,29814,114860.1629,126305.2336,-122.274,74502.74207
675,113466,127214.2713,287711.996,-122.216,145965.9238
676,12585,112315.7057,93061.83105,-122.389,59784.15604
677,99265,125117.003,260311.1278,-122.133,133834.1321
678,26554,114378.7113,120015.0547,-122.317,71717.75221
679,49642,117788.4523,164563.4137,-122.396,91441.63138
680,135489,130466.7283,330205.4347,-122.301,164779.9827
681,57784,118990.8999,180273.425,-122.197,98397.27172
682,50884,117971.8765,166959.8561,-122.281,92502.66126
683,102170,125546.0266,265916.3332,-122.359,136315.8485
684,36011,115775.3641,138262.362,-122.391,79796.7857
685,112108,127013.7157,285091.7313,-122.413,144805.7962
686,52981,118281.571,171006.0234,-122.15,94294.11026
687,60350,119369.8585,185224.529,-121.968,100589.3834
688,38385,116125.9672,142843.0015,-122.151,81824.87341
689,18632,113208.7542,104729.5341,-122.018,64950.05596
690,75431,121597.0893,214323.3597,-122.188,113472.9515
691,79191,122152.3832,221578.2899,-122.19,116685.0871
692,76485,121752.7488,216357.0555,-122.395,114373.3746
693,58814,119143.015,182260.8128,-122.326,99277.19183
694,71364,120996.4562,206476.0721,-122.322,109998.5485
695,88650,123549.3314,239829.4563,-122.128,124765.8292
696,133587,130185.8323,326535.5205,-122.048,163155.1205
697,112125,127016.2263,285124.5329,-122.201,144820.3191
698,106384,126168.3693,274047.2577,-122.102,139915.8323
699,1681,110705.3533,72022.53327,-122.153,50468.96294
700,50720,117947.6562,166643.4177,-122.181,92362.55748
701,128215,129392.4708,316170.2318,-122.196,158565.8673
702,35274,115666.5206,136840.3185,-122.227,79167.17296
703,64229,119942.7269,192709.0701,-122.283,103903.1796
704,57750,118985.8787,180207.8219,-122.232,98368.22581
705,155883,133478.6071,369555.7134,-122.169,182202.4009
706,24815,114121.8878,116659.6494,-122.231,70232.13951
707,5210,111226.5321,78831.74841,-122.056,53483.75718
708,83476,122785.2115,229846.2091,-122.226,120345.7256
709,110481,126773.4329,281952.4304,-122.224,143415.8641
710,9079,111797.9237,86296.99447,-122.38,56789.0105
711,72359,121143.4023,208395.9273,-122.287,110848.5685
712,111501,126924.0712,283920.5232,-122.279,144287.2413
713,48082,117558.0644,161553.3895,-122.275,90108.93684
714,42770,116773.564,151303.871,-122.227,85570.94108
715,58265,119061.9362,181201.5158,-122.326,98808.18587
716,15132,112691.8583,97976.2745,-122.131,61960.03617
717,92114,124060.9107,246513.2537,-122.071,127725.0945
718,24874,114130.6012,116773.4901,-122.18,70282.5427
719,129228,129542.0753,318124.8181,-122.049,159431.2644
720,2296,110796.1793,73209.17745,-122.143,50994.35213
721,40501,116438.4678,146925.8293,-122.266,83632.55396
722,46177,117276.7253,157877.6868,-122.413,88481.51178
723,139729,131092.9108,338386.5263,-122.124,168402.1781
724,45282,117144.5476,156150.7818,-122.324,87716.921
725,145719,131977.5413,349944.2476,-122.134,173519.3834
726,150394,132667.9666,358964.6729,-122.392,177513.1956
727,154778,133315.4157,367423.6129,-122.139,181258.409
728,82971,122710.6308,228871.8103,-121.958,119914.3085
729,120814,128299.4574,301889.9821,-121.731,152243.2568
730,109821,126675.9611,280678.9586,-122.198,142852.0318
731,149129,132481.1456,356523.8519,-121.868,176432.517
732,135073,130405.2915,329402.7615,-122.227,164424.5975
733,9628,111879.0025,87356.29147,-122.286,57258.01646
734,150311,132655.7088,358804.5242,-122.116,177442.2894
735,117241,127771.7805,294995.8688,-122.367,149190.8738
736,95584,124573.3761,253208.6282,-122.215,130689.4855
737,69018,120649.9882,201949.4587,-122.118,107994.381
738,72838,121214.1432,209320.1591,-122.284,111257.774
739,87391,123363.3966,237400.2123,-122.287,123690.2763
740,133567,130182.8786,326496.9304,-122.06,163138.0347
741,49559,117776.1945,164403.265,-122.381,91370.72519
742,137973,130833.5767,334998.3195,-122.291,166902.0425
743,7736,111599.5833,83705.6723,-122.121,55641.69719
744,10707,112038.3541,89438.22492,-122.372,58179.79685
745,125850,129043.1969,311606.9579,-122.059,156545.4682
746,65352,120108.5766,194875.9016,-122.151,104862.5488
747,154992,133347.0202,367836.5264,-122.412,181441.2273
748,135611,130484.7458,330440.834,-122.371,164884.2062
749,98169,124955.1407,258196.3928,-122.293,132897.8287
750,38099,116083.7295,142291.1637,-122.156,81580.54608
751,91798,124014.2424,245903.5309,-122.137,127455.1384
752,78442,122041.7675,220133.0924,-122.382,116045.2229
753,131802,129922.2153,323091.3581,-121.952,161630.2104
754,107178,126285.6308,275579.2829,-122.22,140594.1397
755,2626,110844.9152,73845.91335,-122.172,51276.26828
756,84533,122941.3141,231885.6935,-122.211,121248.7116
757,19707,113367.5151,106803.7495,-122.013,65868.41919
758,13123,112395.16,94099.90352,-122.202,60243.7648
759,3797,111017.8538,76105.36105,-122.207,52276.64348
760,132703,130055.2791,324829.8401,-122.349,162399.9269
761,22449,113772.4662,112094.446,-122.349,68210.88613
762,83026,122718.7535,228977.9329,-122.057,119961.2945
763,27654,114541.1643,122137.5077,-121.966,72657.47271
764,156793,133613.0001,371311.5609,-122.299,182979.8061
765,73771,121351.9329,211120.3851,-122.359,112054.8279
766,29469,114809.2117,125639.5552,-122.047,74208.01155
767,134963,130389.0462,329190.5162,-122.209,164330.6254
768,146580,132104.6977,351605.5495,-122.067,174254.9283
769,82465,122635.9024,227895.4819,-121.969,119482.037
770,80306,122317.0515,223729.6855,-122.219,117637.622
771,130189,129684.0001,319979.0702,-121.992,160252.2384
772,120735,128287.7904,301737.5514,-122.054,152175.7678
773,67191,120380.1685,198424.2572,-122.19,106433.5906
774,83593,122802.4906,230071.961,-121.993,120445.6777
775,108131,126426.3742,277418.099,-122.392,141408.2794
776,3574,110984.9202,75675.08194,-121.97,52086.1365
777,98311,124976.1119,258470.3821,-122.375,133019.1381
778,145072,131881.9894,348695.8593,-122.201,172966.6569
779,133439,130163.975,326249.9541,-121.778,163028.6854
780,70521,120871.9581,204849.5013,-122.4,109278.3809
781,111317,126896.8972,283565.4947,-122.138,144130.0517
782,106821,126232.9075,274890.4504,-122.072,140289.1577
783,107973,126403.0401,277113.2375,-122.408,141273.3013
784,10488,112006.0112,89015.66382,-122.219,57992.70704
785,90061,123757.7143,242551.9846,-122.038,125971.2343
786,83918,122850.4881,230699.0493,-122.381,120723.3224
787,93580,124277.4163,249341.9047,-122.104,128977.4856
788,18947,113255.2749,105337.3274,-121.995,65219.15775
789,60133,119337.8109,184805.8269,-122.077,100404.0021
790,150860,132736.7876,359863.8212,-122.07,177911.2954
791,103957,125809.9389,269364.3546,-122.109,137842.4672
792,92330,124092.8106,246930.0263,-122.184,127909.6214
793,123073,128633.0769,306248.7288,-122.368,154173.101
794,142001,131428.4501,342770.3565,-122.023,170343.1281
795,12564,112312.6043,93021.31149,-122.207,59766.21593
796,48789,117662.4774,162917.5479,-121.968,90712.92084
797,51795,118106.4171,168717.6331,-122.396,93280.9207
798,44496,117028.4676,154634.1927,-122.026,87045.44798
799,35278,115667.1113,136848.0365,-122.213,79170.59013
800,155044,133354.6998,367936.8606,-122.193,181485.6505
801,146775,132133.4962,351981.8025,-122.238,174421.5151
802,17432,113031.5328,102414.1308,-122.155,63924.90632
803,107612,126349.7259,276416.687,-122.151,140964.9022
804,7214,111522.492,82698.47188,-122.201,55195.75709
805,107501,126333.333,276202.5122,-122.159,140870.0758
806,141301,131325.0709,341419.7045,-122.147,169745.1241
807,40281,116405.9772,146501.3387,-122.208,83444.60985
808,159196,133967.886,375948.1559,-122.07,185032.6682
809,139547,131066.0322,338035.3568,-122.387,168246.6971
810,125783,129033.302,311477.6812,-122.019,156488.2307
811,121583,128413.0269,303373.7697,-122.123,152900.2069
812,138546,130918.2,336103.9245,-122.389,167391.5514
813,133671,130198.2378,326697.5987,-122.288,163226.881
814,95277,124528.037,252616.2709,-122.267,130427.2181
815,44700,117058.5952,155027.8112,-122.399,87219.72342
816,89471,123670.5804,241413.578,-122.295,125467.2024
817,146162,132042.9656,350799.0173,-122.305,173897.8345
818,109909,126688.9574,280848.7548,-122.39,142927.2094
819,31984,115180.6384,130492.2545,-122.405,76356.55435
820,127797,129330.7387,315363.6997,-122.321,158208.7735
821,21890,113689.9105,111015.854,-122.3,67733.33725
822,56547,118808.2141,177886.6301,-122.307,97340.51329
823,142143,131449.4213,343044.3458,-122.286,170464.4375
824,83936,122853.1464,230733.7804,-122.327,120738.6997
825,117801,127854.4839,296076.3904,-122.018,149669.2769
826,35679,115726.3328,137621.7671,-121.979,79513.16096
827,139429,131048.6054,337807.6754,-122.306,168145.8907
828,142144,131449.569,343046.2753,-122.404,170465.2918
829,89706,123705.2863,241867.0112,-122.299,125667.9609
830,17219,113000.0759,102003.1467,-122.282,63742.94226
831,129179,129534.8387,318030.2724,-122.115,159389.4041
832,27903,114577.9377,122617.9539,-122.333,72870.19126
833,88429,123516.6931,239403.0362,-122.3,124577.0308
834,149794,132579.3559,357806.9712,-122.317,177000.6208
835,137595,130777.752,334268.9674,-122.363,166579.1203
836,110391,126760.1413,281778.7751,-122.273,143338.9779
837,141217,131312.6654,341257.6263,-122.18,169673.3637
838,29605,114829.2968,125901.9675,-121.775,74324.19518
839,158771,133905.1201,375128.1173,-122.125,184669.5944
840,101859,125500.0967,265316.2578,-122.16,136050.1639
841,158592,133878.6846,374782.7363,-122.029,184516.6762
842,53884,118414.9302,172748.3643,-122.205,95065.53537
843,142240,131463.7467,343231.5076,-122.278,170547.3037
844,113736,127254.1462,288232.9618,-122.291,146196.5825
845,70598,120883.3298,204998.073,-122.204,109344.1613
846,118793,128000.987,297990.4571,-122.129,150516.734
847,7888,111622.0314,83998.95672,-122.097,55771.54948
848,45710,117207.7566,156976.609,-122.214,88082.55771
849,71222,120975.485,206202.0827,-122.137,109877.2392
850,159477,134009.3854,376490.3462,-122.161,185272.7241
851,46307,117295.9243,158128.5221,-122.018,88592.56966
852,44151,116977.5164,153968.5142,-122.408,86750.71746
853,58725,119129.8711,182089.087,-122.039,99201.1599
854,57267,118914.547,179275.8721,-122.185,97955.60308
855,135390,130452.1075,330014.4139,-122.372,164695.4079
856,145733,131979.6089,349971.2607,-122.186,173531.3435
857,71791,121059.5175,207299.9697,-122.213,110363.331
858,111381,126906.349,283688.9828,-122.192,144184.7263
859,62904,119747.0449,190152.479,-122.133,102771.2435
860,45209,117133.7666,156009.9281,-122.171,87654.55773
861,154595,133288.3894,367070.5139,-122.274,181102.0736
862,18651,113211.5602,104766.1946,-122.16,64966.2875
863,153606,133142.3294,365162.2357,-122.233,180257.1795
864,107173,126284.8924,275569.6353,-122.193,140589.8682
865,26618,114388.1631,120138.5429,-122.078,71772.42685
866,33472,115400.393,133363.3546,-122.155,77627.73991
867,2638,110846.6874,73869.06738,-122.396,51286.51978
868,37255,115959.0837,140662.6634,-122.337,80859.52417
869,43391,116865.2761,152502.0922,-122.291,86101.45602
870,97670,124881.4461,257233.5709,-122.119,132471.5373
871,1634,110698.4122,71931.84664,-122.154,50428.81124
872,58986,119168.4168,182592.6873,-122.15,99424.12995
873,56671,118826.527,178125.8884,-122.287,97446.44542
874,105205,125994.2492,271772.374,-122.413,138908.6228
875,116004,127589.0947,292609.074,-122.155,148134.1153
876,128926,129497.4746,317542.1083,-122.198,159173.2684
877,38859,116195.9697,143757.5858,-122.183,82229.80752
878,60549,119399.2477,185608.5,-122.228,100759.3874
879,75398,121592.2157,214259.6861,-121.967,113444.7599
880,15801,112790.6592,99267.11183,-122.148,62531.55709
881,44574,117039.987,154784.6939,-122.246,87112.08271
882,93601,124280.5176,249382.4243,-122.311,128995.4258
883,5404,111255.1829,79206.07194,-122.355,53649.48971
884,64529,119987.0323,193287.9209,-122.037,104159.467
885,17495,113040.8369,102535.6895,-122.196,63978.72668
886,138565,130921.006,336140.5851,-122.396,167407.783
887,79095,122138.2055,221393.0577,-122.283,116603.0751
888,136431,130605.8471,332023.0262,-122.367,165584.7252
889,46477,117321.0307,158456.5376,-122.053,88737.79919
890,121576,128411.9931,303360.2632,-122.172,152894.2269
891,18421,113177.5928,104322.409,-122.202,64769.80049
892,2682,110853.1856,73953.9655,-121.983,51324.1086
893,9405,111846.0688,86926.01236,-122.4,57067.50948
894,20279,113451.9907,107907.4251,-122.058,66357.07385
895,25990,114295.4172,118926.8152,-122.379,71235.93187
896,137404,130749.5442,333900.4324,-122.405,166415.9507
897,9869,111914.5945,87821.30163,-122.318,57463.90068
898,37191,115949.6319,140539.1752,-122.329,80804.84952
899,25600,114237.8202,118174.3091,-122.403,70902.75824
900,129013,129510.3231,317709.975,-122.296,159247.5918
901,74278,121426.809,212098.643,-122.212,112487.9536
902,78694,122078.984,220619.3271,-122.205,116260.5043
903,85315,123056.8034,233394.5647,-122.153,121916.7675
904,131636,129897.6997,322771.0607,-122.373,161488.398
905,131599,129892.2354,322699.6691,-122.396,161456.7893
906,148644,132409.5186,355588.0431,-122.128,176018.1857
907,80987,122417.6247,225043.6768,-121.856,118219.3944
908,100610,125315.6387,262906.3089,-122.21,134983.154
909,153748,133163.3006,365436.225,-122.208,180378.4888
910,106158,126134.9926,273611.1901,-122.299,139722.7625
911,41374,116567.3964,148610.2852,-122.16,84378.35032
912,152109,132921.2456,362273.7701,-122.369,178978.3053
913,57182,118901.9938,179111.8643,-122.318,97882.98831
914,6906,111477.0051,82104.18504,-122.403,54932.63535
915,53981,118429.2556,172935.5261,-122.292,95148.40164
916,66959,120345.9057,197976.6125,-122.365,106235.395
917,64124,119927.22,192506.4723,-122.341,103813.479
918,100306,125270.7426,262319.7401,-122.163,134723.4494
919,146708,132123.6013,351852.5258,-122.332,174364.2776
920,39202,116246.6255,144419.4052,-122.398,82522.82946
921,19561,113345.9532,106522.0421,-122.024,65743.69265
922,55658,118676.9226,176171.3022,-122.122,96581.04826
923,24723,114108.3008,116482.1352,-122.285,70153.5447
924,52176,118162.6849,169452.7737,-122.306,93606.40571
925,120402,128238.6114,301095.027,-122.177,151891.2888
926,35429,115689.4117,137139.3914,-122.327,79299.58812
927,40408,116424.7331,146746.3855,-122.309,83553.10486
928,13599,112465.4579,95018.34682,-122.329,60650.40749
929,86851,123283.6469,236358.2809,-122.191,123228.959
930,4037,111053.2981,76568.4417,-122.112,52481.67341
931,131611,129894.0076,322722.8231,-122.29,161467.0408
932,68653,120596.0834,201245.1902,-122.372,107682.5646
933,107094,126273.2253,275417.2046,-121.982,140522.3792
934,62140,119634.2139,188678.3389,-122.403,102118.5649
935,9494,111859.2128,87097.73811,-122.192,57143.54142
936,128989,129506.7787,317663.6669,-122.232,159227.0888
937,134194,130275.4768,327706.7286,-122.011,163673.6754
938,126960,129207.1267,313748.7059,-122.198,157493.7316
939,49855,117819.9091,164974.3978,-122.379,91623.59544
940,127494,129285.9903,314779.0603,-122.194,157949.9232
941,53778,118399.2756,172543.837,-122.124,94974.98049
942,116989,127734.564,294509.6342,-122.213,148975.5923
943,128157,129383.9051,316058.3207,-122.34,158516.3184
944,72165,121114.7515,208021.6037,-122.197,110682.8359
945,114314,127339.5078,289348.2144,-122.156,146690.3629
946,11205,112111.901,90399.11728,-122.337,58605.23395
947,83554,122796.7309,229996.7104,-122.351,120412.3603
948,131981,129948.6509,323436.7391,-122.161,161783.1286
949,32137,115203.2341,130787.4684,-122.27,76487.26093
950,54016,118434.4245,173003.0587,-122.209,95178.30183
951,64613,119999.4378,193449.9991,-122.302,104231.2275
952,11624,112173.7809,91207.57892,-122.37,58963.18204
953,31587,115122.0076,129726.2419,-122.336,76017.40068
954,12608,112319.1025,93106.20961,-122.289,59803.80475
955,94359,124392.4625,250844.9874,-122.29,129642.9786
956,2307,110797.8039,73230.40198,-122.33,51003.74933
957,33161,115354.4631,132763.2792,-122.2,77362.05529
958,159746,134049.1125,377009.3824,-122.196,185502.5285
959,154187,133228.1341,366283.2767,-122.389,180753.5228
960,144520,131800.4675,347630.7738,-122.514,172495.0881
961,106777,126226.4093,274805.5523,-122.147,140251.5689
962,16459,112887.8357,100536.7246,-122.374,63093.68082
963,143258,131614.0896,345195.7414,-122.037,171416.9724
964,73490,121310.4336,210578.1949,-122.186,111814.772
965,87369,123360.1475,237357.7633,-122.363,123671.4819
966,51353,118041.1406,167864.7929,-122.378,92903.32391
967,66049,120211.5128,196220.765,-122.312,105457.9899
968,29723,114846.7236,126129.6488,-122.293,74425.00156
969,146120,132036.7628,350717.9782,-122.16,173861.9543
970,15440,112737.3451,98570.56134,-122.087,62223.15791
971,13856,112503.4128,95514.22902,-122.103,60869.96038
972,71829,121065.1295,207373.2908,-122.04,110395.794
973,131154,129826.5157,321841.0403,-122.16,161076.6296
974,68679,120599.9232,201295.3572,-122.03,107704.7762
975,108056,126415.2979,277273.3863,-122.225,141344.2075
976,140149,131154.9383,339196.9174,-122.225,168760.9805
977,56850,118852.9626,178471.2694,-122.155,97599.36358
978,47438,117462.9555,160310.7897,-122.266,89558.7732
979,58867,119150.8423,182363.0764,-121.883,99322.46927
980,12914,112364.2939,93696.63744,-122.151,60065.21791
981,62574,119698.3089,189515.7431,-122.214,102489.3274
982,53106,118300.0316,171247.2112,-122.165,94400.89669
983,123537,128701.6025,307144.018,-122.143,154569.4922
984,48901,117679.018,163133.6522,-122.365,90808.60147
985,105143,125985.0928,271652.7448,-122.092,138855.6568
986,63615,119852.0486,191524.3554,-122.127,103378.6447
987,100405,125285.3634,262510.7609,-122.103,134808.0242
988,41289,116554.8432,148446.2774,-122.221,84305.73556
989,39970,116360.0473,145901.2633,-122.391,83178.92524
990,43532,116886.0996,152774.1521,-122.373,86221.9111
991,136133,130561.8371,331448.0344,-122.385,165330.1463
992,131106,129819.4269,321748.4242,-122.06,161035.6236
993,105127,125982.7298,271621.8728,-122.317,138841.9881
994,46798,117368.4374,159075.908,-122.015,89012.02672
995,97209,124813.3635,256344.0701,-122.219,132077.709
996,54135,118451.999,173232.6695,-121.992,95279.96251
997,134970,130390.08,329204.0228,-122.391,164336.6055
998,100275.47,241926.31,227142.82,-122.219,413956.48
999,128456.23,321652.14,281692.32,-122.203,333962.19
1000,161181.72,270939.86,295442.17,-122.216,476485.43
